CODE, NAME, Y, X
301,"' 경복궁역 7번출구 앞'",37.575794,126.971451
302,"' 경복궁역 4번출구 뒤'",37.575947,126.974060
303,"' 광화문역 1번출구 앞'",37.571770,126.974663
304,"' 광화문역 2번출구 앞'",37.572113,126.977577
305,"' 종로구청 옆'",37.572582,126.978355
306,"' 광화문역 7번출구 앞'",37.570808,126.976433
307,"' 서울역사박물관 앞'",37.570000,126.971100
308,"' 광화문 S타워 앞'",37.569969,126.973938
309,"' 광화문역 6번출구 옆'",37.569889,126.976456
314,"' 국립현대미술관'",37.579708,126.980858
315,"' 신한은행 안국역지점 옆'",37.575970,126.983063
316,"' 종각역 1번출구 앞'",37.570396,126.981789
326,"' 안국역 5번출구 앞'",37.576241,126.986160
327,"' 낙원상가 옆'",37.573357,126.987465
328,"' 탑골공원 앞'",37.570396,126.988190
329,"' 청계2가 사거리 옆'",37.568344,126.987892
334,"' 종로3가역 2번출구 뒤'",37.570599,126.991791
335,"' 종로3가역 15번출구 앞'",37.570198,126.991257
337,"' 창경궁 입구'",37.578979,126.996475
338,"' 세운스퀘어 앞'",37.570957,126.997124
339,"' 종로4가 사거리'",37.571068,126.998192
340,"' 혜화동 로터리'",37.585629,127.000679
341,"' 혜화역 3번출구 뒤'",37.581570,127.001785
342,"' 대학로 마로니에공원'",37.579784,127.002533
343,"' 예일빌딩(율곡로) 앞'",37.575432,127.004982
344,"' 성균관대 E하우스 앞'",37.574036,127.006721
345,"' 서울보증보험본사 앞'",37.573307,127.000710
348,"' 독립문역 사거리'",37.572029,126.960785
349,"' 사직동주민센터'",37.576332,126.968590
351,"' 청운초교 앞 삼거리'",37.585079,126.970619
352,"' 중앙고입구 삼거리'",37.583416,126.985237
353,"' 재동초교 앞 삼거리'",37.579388,126.984947
354,"' 포르투갈 대사관 앞'",37.579155,126.988960
355,"' 서울사대부속초교 앞'",37.576508,127.002457
356,"' KT혜화지사 앞'",37.577145,127.002060
358,"' 성대입구 사거리'",37.582500,126.998535
359,"' 원남동사거리'",37.576061,126.997681
361,"' 동묘앞역 1번출구 뒤'",37.573242,127.015907
362,"' 청계8가 사거리'",37.572224,127.022705
363,"' 신설동역 11번출구 뒤'",37.575760,127.022835
364,"' 창신역 1번출구 앞'",37.579334,127.015083
368,"' SK 서린빌딩 앞'",37.569248,126.980537
369,"' 광화문 시민열린마당'",37.575493,126.978500
385,"' 종각역 5번출구'",37.569836,126.982658
386,"' 올림픽기념 국민생활관 앞'",37.590233,126.998520
388,"' 동성중학교 앞'",37.585735,127.001610
393,"' 동대문역 8번 출구'",37.570141,127.009377
394,"' 경희궁 자이 3단지'",37.567490,126.965919
395,"' 경희궁 자이 2단지'",37.568855,126.964561
397,"' 종묘공영주차장 건너편'",37.570480,126.996635
446,"' 상명대입구'",37.600128,126.957832
447,"' 신영동삼거리'",37.603992,126.961945
449,"' 일성아파트'",37.608719,126.972862
450,"' 효자동 삼거리'",37.583603,126.972549
451,"' 청와대앞길'",37.583515,126.979668
452,"' 동대문 종합시장 버스정류장'",37.571239,127.004410
453,"' 종로오가 지하쇼핑센터 14번출구'",37.571140,127.000671
454,"' 종로2가 버스정류장 (종각방향)'",37.570358,126.986382
455,"' 삼익한의원'",37.570961,127.006058
456,"' 숭인2동 주민센터 입구 (이강3대냉면)'",37.574471,127.019829
457,"' 종로꽃시장 입구 옆'",37.571320,127.007210
458,"' 광화문역 5번출구'",37.569939,126.977539
461,"' 서울지방경찰청'",37.574364,126.972366
300,"' 정동사거리'",37.568050,126.969231
310,"' 청계광장 옆'",37.568878,126.977470
311,"' 서울광장 옆'",37.566612,126.977470
312,"' 시청역 1번출구 뒤'",37.564674,126.976738
313,"' 서울역 광장 파출소 옆'",37.556961,126.971771
318,"' 광교사거리 남측'",37.568527,126.982552
320,"' 을지로입구역 4번출구 앞'",37.566223,126.983589
321,"' KEB 하나금융그룹 명동사옥 옆'",37.565464,126.984138
322,"' 명동성당 앞'",37.564476,126.986969
324,"' 신세계백화점 본점 앞'",37.561340,126.980400
330,"' 청계천 한빛광장'",37.568165,126.984978
331,"' 을지로2가 사거리 북측'",37.566383,126.987206
332,"' 을지로2가 사거리 남측'",37.565990,126.987793
336,"' 티마크 호텔 앞'",37.562618,126.992836
346,"' 맥스타일 앞'",37.569183,127.009880
347,"' 동대문역사문화공원역 9번출구 앞'",37.565331,127.007843
370,"' 시청역(2호선) 9번출구 뒤'",37.563229,126.974838
371,"' 동대입구역 6번출구 뒤'",37.558872,127.005539
372,"' 약수역 3번출구 뒤'",37.554295,127.011200
373,"' 청구 어린이공원'",37.555859,127.013855
374,"' 청구역 2번출구 앞'",37.560474,127.014076
375,"' 다산 어린이공원'",37.563717,127.018425
377,"' 서울역 5번출구 앞'",37.557217,126.973007
378,"' 청계7가 사거리'",37.569805,127.016953
379,"' 서울역9번출구'",37.556000,126.973358
380,"' CJ제일제당 앞'",37.563866,127.002747
381,"' 장충체육관'",37.558533,127.006989
382,"' 약수역 10번출구 앞'",37.555199,127.010048
383,"' 신당역 12번 출구 뒤'",37.565849,127.016403
384,"' 종로학원본원 '",37.559780,126.968506
387,"' 훈련원공원주차장 앞'",37.566994,127.003464
389,"' 을지로4가역 1번출구'",37.566730,126.996605
390,"' 충무로역 1번출구'",37.561390,126.995354
391,"' 정동길입구'",37.565437,126.973305
398,"' 을지로3가역 3번출구'",37.566559,126.992439
399,"' 서울역 센트럴 자이아파트'",37.554482,126.966087
429,"' 송도병원'",37.549889,127.007347
430,"' KEB하나은행 장충동지점'",37.562172,127.006264
431,"' 청계천 영도교'",37.570900,127.019524
101,"' (구)합정동 주민센터'",37.549561,126.905754
102,"' 망원역 1번출구 앞'",37.555649,126.910629
103,"' 망원역 2번출구 앞'",37.554951,126.910835
104,"' 합정역 1번출구 앞'",37.550629,126.914986
105,"' 합정역 5번출구 앞'",37.550007,126.914825
106,"' 합정역 7번출구 앞'",37.548645,126.912827
107,"' 신한은행 서교동금융센터점 앞'",37.557510,126.918503
108,"' 서교동 사거리'",37.552746,126.918617
109,"' 제일빌딩 앞'",37.547691,126.919983
111,"' 상수역 2번출구 앞'",37.547871,126.923531
112,"' 극동방송국 앞'",37.549202,126.923203
113,"' 홍대입구역 2번출구 앞'",37.557499,126.923805
114,"' 홍대입구역 8번출구 앞'",37.557060,126.924423
118,"' 광흥창역 2번출구 앞'",37.547733,126.931763
119,"' 서강나루 공원'",37.545284,126.931053
120,"' 신수동 사거리'",37.545242,126.934113
121,"' 마포소방서 앞'",37.549767,126.933174
122,"' 신성기사식당 앞'",37.547249,126.939293
124,"' 서강대 정문 건너편'",37.551140,126.936989
125,"' 서강대 남문 옆'",37.549484,126.938950
126,"' 서강대 후문 옆'",37.550411,126.943848
127,"' 현대벤처빌 앞'",37.553520,126.936951
129,"' 신촌역(2호선) 6번출구 옆'",37.555054,126.937569
130,"' 신촌역(2호선) 7번출구 앞'",37.554859,126.936157
136,"' 대흥동 주민센터'",37.556004,126.942299
142,"' 아현역 4번출구 앞'",37.557201,126.955666
143,"' 공덕역 2번출구'",37.544579,126.950218
144,"' 공덕역 8번출구'",37.543579,126.951324
145,"' 공덕역 5번출구'",37.544250,126.951637
146,"' 마포역 2번출구 뒤'",37.539936,126.945824
147,"' 마포역 4번출구 뒤'",37.539272,126.945915
148,"' 용강동 주민센터 앞'",37.542347,126.943024
150,"' 서강대역 2번출구 앞'",37.552956,126.934341
151,"' 망원1동주민센터'",37.555687,126.905548
152,"' 마포구민체육센터 앞'",37.556610,126.898018
153,"' 성산2교 사거리'",37.564697,126.912613
154,"' 마포구청역 '",37.560909,126.905495
155,"' 가좌역1 번출구 뒤'",37.568550,126.914513
156,"' 서울서부지방법원 앞'",37.549904,126.955147
157,"' 애오개역 4번출구 앞'",37.553001,126.956688
1687,"' 서울월드컵경기장 테스트'",37.568722,126.896225
181,"' 망원초록길 입구'",37.551342,126.902672
182,"' 망원2빗물펌프장 앞'",37.551567,126.902847
183,"' 하늘채코오롱아파트 건너편'",37.565166,126.919395
184,"' SK망원동주유소 건너편'",37.558949,126.907753
185,"' 마포 신수공원 앞'",37.542545,126.934296
186,"' 월드컵공원'",37.563965,126.898209
199,"' 서울 월드컵 경기장'",37.566845,126.896446
400,"' 상암한화오벨리스크 1차 앞'",37.587524,126.883003
401,"' 상암월드컵파크 10단지 앞'",37.586189,126.881615
402,"' 상암월드컵파크 9단지 앞'",37.582855,126.879822
403,"' 부엉이공원 앞'",37.585590,126.884727
405,"' DMC빌 앞'",37.582657,126.885788
406,"' 상암월드컵파크 7단지 앞'",37.581314,126.880585
407,"' 마포구 육아종합지원센터'",37.580631,126.883675
408,"' LG CNS앞'",37.580811,126.886650
409,"' 누리꿈스퀘어 옆'",37.579399,126.889160
410,"' 상암중학교 옆'",37.577496,126.887772
411,"' DMC홍보관'",37.577995,126.891472
412,"' DMC산학협력연구센터 앞'",37.575802,126.890739
413,"' 상암월드컵파크 3단지 후문'",37.571476,126.889687
414,"' 상암동주민센터 옆'",37.578220,126.894470
415,"' DMC역 9번출구 앞'",37.577469,126.897362
416,"' 상암월드컵파크 1단지 교차로'",37.575665,126.894447
417,"' DMC역 2번출구 옆'",37.575069,126.899918
418,"' 월드컵경기장역 3번출구 옆'",37.570721,126.898979
419,"' 홈플러스 앞'",37.568420,126.899429
420,"' 서울시 공공자전거 상암센터'",37.566246,126.896179
421,"' 마포구청 앞'",37.565903,126.901184
422,"' 문화비축기지'",37.569084,126.894424
424,"' 롯데하이마트 (상암월드컵점) '",37.573620,126.898048
425,"' DMC첨단산업센터'",37.584503,126.885597
426,"' 서울신용보증재단'",37.549061,126.954178
427,"' 성산시영아파트'",37.569584,126.903816
432,"' 마포중앙도서관'",37.563339,126.908203
438,"' 성산2-1 공영주차장'",37.564720,126.906769
110,"' 사천교'",37.568199,126.917847
115,"' 사루비아 빌딩 앞'",37.558933,126.927116
116,"' 일진아이윌아파트 옆'",37.564541,126.927071
123,"' 문화촌 공원'",37.594330,126.947388
128,"' 신촌역(2호선) 1번출구 옆'",37.555496,126.936340
131,"' 증산2교'",37.584171,126.911102
132,"' 창천문화공원'",37.556789,126.935883
133,"' 해담는다리'",37.582031,126.908997
134,"' 연세로 명물길'",37.557892,126.938080
135,"' 명물길 원형무대 앞'",37.559101,126.939178
137,"' NH농협 신촌지점 앞'",37.556812,126.943184
138,"' 신촌동 제1공영주차장 앞'",37.559177,126.934525
139,"' 연세대 정문 건너편'",37.559795,126.934479
140,"' 이화여대 후문'",37.560009,126.940735
141,"' 연대 대운동장 옆'",37.562382,126.932648
158,"' 독립문 어린이 공원'",37.571259,126.960480
159,"' 이대역 4번 출구'",37.556953,126.946342
160,"' 북아현동 가구거리'",37.557549,126.959381
161,"' 무악재역1번 출구'",37.582245,126.950645
162,"' 봉원고가차도 밑'",37.565269,126.946243
163,"' 명지전문대학교 정문 앞'",37.583698,126.924965
164,"' 북가좌1동 주민센터 '",37.574478,126.910049
165,"' 중앙근린공원'",37.575138,126.913940
166,"' 가재울 초등학교'",37.573277,126.919678
167,"' 연가초등학교 옆'",37.579460,126.917130
169,"' 북가좌 삼거리'",37.573002,126.907799
170,"' 가재울 뉴타운 주유소 옆'",37.573112,126.922447
171,"' 임광빌딩 앞'",37.564724,126.967278
172,"' 서대문소방서'",37.573254,126.935722
173,"' 서대문역 8번출구 앞'",37.564777,126.966148
174,"' 명지대학교 학생회관'",37.580589,126.923447
175,"' 홍연2교옆'",37.578072,126.930817
176,"' 명지대학교 도서관'",37.581097,126.924026
177,"' 북가좌 초등학교'",37.577675,126.909805
178,"' 증산3교 앞'",37.579876,126.906349
179,"' 가좌역 4번출구 앞'",37.569122,126.914795
180,"' 충정로역 7번출구 아래'",37.559967,126.962463
188,"' 홍은동 정원여중 입구'",37.586388,126.935127
191,"' 정명학원'",37.578892,126.910736
192,"' 연서어린이공원'",37.572227,126.923065
194,"' 증산교 앞'",37.577316,126.902969
195,"' 모래내고가차도 '",37.567657,126.917809
196,"' 연희교차로 인근'",37.566120,126.925896
198,"' 충정2교'",37.562138,126.963776
3100,"' 북성초교'",37.557396,126.952164
3101,"' 서대문구청'",37.578381,126.936096
3102,"' 연희삼거리'",37.567966,126.931725
3103,"' 홍제삼거리 북측'",37.586700,126.946770
3104,"' e편한세상 신촌4단지 앞'",37.558128,126.956207
3105,"' 홍은센트레빌 아파트 앞'",37.597149,126.938530
3106,"' 홍남교 두바퀴쉼터'",37.574909,126.926147
3107,"' 연희초등학교 앞'",37.569740,126.933327
3511,"' 응봉역 1번출구'",37.551250,127.035103
3513,"' 상왕십리역 1번출구'",37.564610,127.029198
3514,"' 왕십리교회옆'",37.566261,127.023697
3515,"' 서울숲 관리사무소'",37.542816,127.042084
3519,"' 용답역 1번 출구'",37.562607,127.051308
3525,"' 금호스포츠센터앞'",37.546089,127.025070
3527,"' 왕십리 자이아파트'",37.561790,127.024391
3530,"' 왕십리자이아파트 후문(삼거리)'",37.560146,127.026360
3531,"' 논골사거리(금호도서관 입구)'",37.554779,127.024841
3532,"' 왕십리KCC스위첸아파트'",37.560680,127.026779
3538,"' 서울숲 IT캐슬'",37.550892,127.044762
506,"' 금호 어울림 아파트 앞'",37.549061,127.057793
507,"' 성수아이에스비즈타워 앞'",37.548203,127.057114
508,"' 성수아카데미타워 앞'",37.545166,127.057510
509,"' 이마트 버스정류소 옆'",37.539654,127.052589
510,"' 서울숲 남문 버스정류소 옆'",37.541222,127.043800
511,"' 서울숲역 4번 출구 옆'",37.544582,127.044609
512,"' 뚝섬역 1번 출구 옆'",37.548561,127.045006
513,"' 뚝섬역 5번 출구 정류소 옆'",37.546307,127.049805
514,"' 성수사거리 버스정류장 앞'",37.542580,127.063309
518,"' 청계천 박물관 앞'",37.571526,127.035355
519,"' 양지사거리'",37.566994,127.029915
520,"' 상왕십리역 4번 출구 앞'",37.563858,127.030319
521,"' 왕십리역 11번 출구 앞'",37.561447,127.034920
522,"' 금호역 1번출구 앞'",37.548641,127.016426
523,"' 옥수동성당 옆'",37.543663,127.014061
524,"' 래미안금호하이리버 아파트 102동 옆'",37.552200,127.025055
525,"' 한양대병원사거리'",37.558052,127.040352
526,"' 용답토속공원 앞'",37.563511,127.056725
529,"' 장한평역 8번 출구 앞'",37.561371,127.063660
530,"' 청계벽산아파트 앞'",37.568748,127.030403
533,"' 우리은행 금호동 지점 앞'",37.548149,127.021088
534,"' 금호사거리'",37.548634,127.025726
535,"' 응봉삼거리'",37.553986,127.033592
536,"' 행당역 2번출구 앞'",37.557350,127.029213
537,"' 한양대후문역 부근'",37.560356,127.041397
538,"' 답십리역 8번출구 앞'",37.567650,127.051155
550,"' 서울시설공단 앞'",37.571640,127.035660
556,"' 달맞이공원'",37.542053,127.020401
557,"' 도선동 주민센터 앞'",37.567642,127.025696
558,"' 성동광진 교육지원청 앞'",37.564606,127.036522
559,"' 왕십리역 4번 출구 건너편'",37.561096,127.036797
560,"' 비전교회 앞'",37.551205,127.068932
561,"' 서울숲역 2번출구 앞'",37.542816,127.044670
562,"' 군자지하보도 앞'",37.559246,127.073410
563,"' 성동세무서 건너편'",37.547913,127.062752
564,"' 금호역 3번출구'",37.547928,127.015572
565,"' 옥수역 3번출구'",37.541363,127.017662
567,"' 성수역 2번출구 앞'",37.544590,127.057083
568,"' 청계8가사거리 부근'",37.571102,127.023560
569,"' 응봉현대아파트 정류소'",37.549583,127.030243
578,"' 성동세무서 부근'",37.548286,127.062088
579,"' 마장역 4번출구'",37.565205,127.041847
580,"' 신금호역 3번출구 뒤'",37.554493,127.020210
581,"' 용답초등학교'",37.561012,127.054237
582,"' 경일중학교 앞'",37.543179,127.049080
583,"' 청계천 생태교실 앞'",37.567970,127.046890
585,"' 성수2가1동 공영주차장 인근'",37.536808,127.055489
586,"' 마장동 주민센터'",37.565941,127.045395
587,"' KEB하나은행 성수중앙지점'",37.545418,127.052643
589,"' 성수역3번출구'",37.544159,127.056656
594,"' 중랑물재생센터(서울새활용플라자)'",37.558365,127.056908
9999,"'중랑센터2'",-67.442963,103.608330
3500,"' 군자역2번출구'",37.557587,127.079697
3501,"' 광진구청 앞'",37.539501,127.083000
3502,"' 중곡역 1번출구'",37.565659,127.084297
3503,"' 광진유진스웰'",37.550488,127.108955
3504,"' 원일교회'",37.538052,127.076599
3505,"' 신양초교앞 교차로'",37.535221,127.068398
3506,"' 영동대교 북단'",37.537014,127.061096
3507,"' 어린이회관'",37.545952,127.078003
3508,"' 화양사거리'",37.548222,127.067879
3509,"' 세종사이버대학교'",37.553417,127.073196
3510,"' 중곡SK아파트앞'",37.568649,127.086250
3516,"' 구의아리수정수센터앞'",37.543705,127.093246
3517,"' 용마사거리'",37.562527,127.082275
3520,"' 광진경찰서'",37.542519,127.084084
3521,"' 현대홈타운 뒷길'",37.543427,127.096619
3523,"' 건국대학교 과학관(이과대) 앞'",37.541718,127.080170
3524,"' 세종대학교'",37.550236,127.073822
3528,"' 광진정보도서관'",37.550598,127.110512
3529,"' 어린이대공원정문'",37.549789,127.075928
3533,"' 건대입구역 사거리(롯데백화점)'",37.539139,127.070618
3534,"' 건대입구역 5번출구 뒤'",37.540138,127.069283
3535,"' 중곡사거리(국민은행)'",37.559158,127.087517
3536,"' 중앙농협(자양동)'",37.531811,127.080742
3537,"' 아차산 휴먼시아 아파트 옆'",37.548489,127.093758
500,"' 어린이대공원역 3번출구 앞'",37.547070,127.074272
501,"' 광진구의회 앞'",37.537308,127.070351
502,"' 뚝섬유원지역 1번출구 앞'",37.531860,127.067192
503,"' 더샵스타시티 C동 앞'",37.536667,127.073593
504,"' 신자초교입구교차로'",37.532970,127.075935
505,"' 자양사거리 광진아크로텔 앞'",37.537010,127.082245
515,"' 광양중학교 앞'",37.530235,127.086830
516,"' 광진메디칼 앞'",37.548405,127.069366
539,"' 군자교교차로'",37.559795,127.074203
540,"' 군자역 7번출구 베스트샵 앞'",37.556030,127.078644
542,"' 강변역 4번출구 뒤'",37.535465,127.094482
543,"' 구의공원(테크노마트 앞)'",37.535969,127.094673
544,"' 광남중학교'",37.540730,127.102905
546,"' 잠실대교북단 교차로'",37.532478,127.085091
548,"' 자양나들목'",37.529770,127.074860
549,"' 아차산역 3번출구'",37.551224,127.089706
551,"' 구의삼성쉐르빌 앞'",37.540062,127.094498
552,"' 대림아크로리버 앞'",37.536579,127.092972
553,"' 중곡 성원APT 앞'",37.571255,127.079803
554,"' 영남주차장'",-74.526718,22.869629
555,"' 구의3동주민센터'",37.537849,127.092171
571,"' 어린이대공원역6번출구'",37.548496,127.074760
572,"' 국립정신 건강센터 앞'",37.565380,127.086510
573,"' 구의문주차장 앞'",37.545231,127.084732
574,"' 아차산역4번출구'",37.551849,127.088982
575,"' 중앙농협 중곡지점'",37.564293,127.086937
576,"' 광나루역 3번 출구'",37.544830,127.104263
577,"' 광진청소년수련관'",37.546547,127.106133
584,"' 광진광장 교통섬'",37.547829,127.072632
588,"' 뚝섬 유원지역'",37.532688,127.067497
590,"' 건국대학교 (입학정보관)'",37.539890,127.073364
591,"' 건국대학교 (행정관)'",37.542778,127.075371
592,"' 건국대학교 학생회관'",37.541912,127.077637
593,"'자양중앙나들목'",37.528587,127.077873
600,"' 휘경2동 주민센터'",37.589912,127.068680
601,"' 용신동주민센터'",37.575947,127.037361
602,"' 장안동 사거리'",37.572174,127.071388
604,"' 답십리초등학교 옆 공원'",37.569656,127.055962
605,"' 신설동역8번출구'",37.574200,127.026497
606,"' 휘경공고앞'",37.584625,127.070290
608,"' 전농삼성아파트'",37.581310,127.055344
609,"' 제기2교'",37.587791,127.037361
610,"' 동대문중 교차로'",37.573086,127.052162
612,"' 시립동부병원 앞 사거리'",37.573666,127.030815
613,"' 신설동역 10번출구 앞'",37.575272,127.023468
614,"' 용두동 사거리'",37.577686,127.031013
615,"' 용두동 레미안허브리츠아파트 앞'",37.576382,127.035110
616,"' 서울시립대 앞'",37.582561,127.054367
617,"' 청솔우성아파트 앞'",37.574203,127.057693
621,"' 동대문중학교 옆'",37.574718,127.053391
622,"' 전농사거리 교통섬'",37.577793,127.057831
623,"' 서울시립대 정문 앞'",37.583698,127.053856
624,"' 전농동 동아아파트 앞'",37.574188,127.045891
625,"' 답십리초등학교 앞(현대시장 옆)'",37.568192,127.057175
626,"' 군자교 서측 녹지대'",37.561153,127.070969
627,"' 장안동삼거리 교통섬'",37.578632,127.071907
628,"' 휘봉고등학교 앞'",37.586815,127.067543
630,"' 동대문구 보건소'",37.574852,127.040306
631,"' 답십리역 1번출구'",37.568184,127.051277
633,"' 청량리 기업은행 앞'",37.580406,127.044823
634,"' 외국어대 정문 앞'",37.596020,127.059830
635,"' 시조사 앞 (청량고정문 옆)'",37.587517,127.052773
636,"' 세종대왕기념관 교차로'",37.590900,127.042587
637,"' KAIST 경영대학 앞'",37.591614,127.045792
638,"' 서울시립대 정보기술관'",37.583008,127.060974
639,"' 서울시립대 후문'",37.585197,127.060951
640,"' KEB하나은행 청량리역지점'",37.582455,127.044495
641,"' 용두역 4번출구'",37.573753,127.038536
642,"' 신답역 사거리'",37.570156,127.048584
643,"' 동대문구민체육센터 (육교아래)'",37.566971,127.074417
646,"' 장한평역 1번출구 (국민은행앞)'",37.561867,127.064377
647,"' 신이문역 1번출구'",37.602798,127.067268
648,"' 장안동위더스빌옆'",37.566700,127.062424
650,"' 중랑교사거리'",37.591534,127.067741
651,"' 우리은행청량리지점앞'",37.582748,127.048279
652,"' 답십리 래미안엘파인아파트 입구'",37.576530,127.065941
654,"' 전농동 텃골공원'",37.577621,127.052109
656,"' 영휘원 교차로'",37.587238,127.043137
657,"' 동대문롯데캐슬아파트 앞'",37.575760,127.048370
658,"' 촬영소 사거리'",37.572948,127.066147
659,"' 제기역1번출구'",37.578350,127.033386
660,"' 동의보감타워'",37.577999,127.037628
661,"' 경희대학교 청운관'",37.594601,127.051964
200,"' 국회의원회관'",37.528728,126.914925
201,"' 진미파라곤 앞'",37.531239,126.921333
202,"' 국민일보 앞'",37.528816,126.924530
203,"' 국회의사당역 3번출구 옆'",37.528057,126.918701
204,"' 국회의사당역 5번출구 옆'",37.528164,126.917023
205,"' 산업은행 앞'",37.526264,126.920509
206,"' KBS 앞'",37.524666,126.918022
207,"' 여의나루역 1번출구 앞'",37.526989,126.932098
209,"' 유진투자증권빌딩 앞'",37.524612,126.927834
210,"' IFC몰'",37.526066,126.925537
211,"' 여의도역 4번출구 옆'",37.522228,126.924637
212,"' 여의도역 1번출구 옆'",37.521362,126.923462
213,"' KT앞'",37.521908,126.918953
214,"' 금융감독원 앞'",37.523022,126.920837
215,"' 여의도고교 앞'",37.524837,126.934906
216,"' 삼부아파트1동 앞'",37.523491,126.932899
217,"' NH농협은행 앞'",37.522079,126.930367
218,"' 증권거래소 앞'",37.523277,126.929237
219,"' 롯데캐슬엠파이어 옆'",37.520695,126.925835
220,"' 미성아파트 A동 앞'",37.519363,126.926048
221,"' 여의도초교 앞'",37.522675,126.937790
222,"' 시범아파트버스정류장 옆'",37.520271,126.938881
223,"' 진주아파트상가 앞'",37.519314,126.933167
224,"' 롯데캐슬 앞'",37.520088,126.932365
225,"' 앙카라공원 앞'",37.517368,126.929253
226,"' 샛강역 1번출구 앞'",37.517765,126.928413
227,"' 양평2나들목 보행통로 입구'",37.544666,126.888359
228,"' 선유도역 3번출구 앞'",37.538460,126.894508
229,"' 양평1 보행육교 앞'",37.535873,126.892181
230,"' 영등포구청역 1번출구'",37.524635,126.896217
231,"' 남부고용노동지청 남측'",37.524506,126.891823
232,"' 양평우림 이비즈센타 앞'",37.525650,126.887817
233,"' YP 센터 앞'",37.528488,126.891647
234,"' 영등포구민체육센터 앞'",37.500462,126.905846
235,"' 신길동 우리은행 옆'",37.504566,126.910233
236,"' 문래동자이아파트 앞'",37.516155,126.894615
238,"' 제2구민체육센타 앞'",37.526386,126.902756
239,"' 유스호스텔 앞'",37.525852,126.903282
240,"' 문래역 4번출구 앞'",37.518738,126.895576
241,"' 신길우성1차아파트 앞 공원'",37.505329,126.898483
242,"' 신길선원가와인아파트 앞'",37.510933,126.910225
243,"' 이앤씨드림타워 앞'",37.527084,126.891380
244,"' 영등포삼환아파트 앞'",37.530079,126.905708
245,"' 삼성생명 당산사옥 앞'",37.528263,126.896629
247,"' 당산역 10번출구 앞'",37.533688,126.902107
248,"' 초원아파트 앞'",37.531055,126.924210
249,"' 여의도중학교 옆'",37.524120,126.936546
250,"' 대림아파트 사거리'",37.507641,126.923080
251,"' 서울지방병무청 버스정류장'",37.504494,126.921951
252,"' 보라매역4번출구'",37.499977,126.920036
253,"' 신풍역 5번출구 인근'",37.500648,126.909515
255,"' 도림4거리'",37.506573,126.901131
256,"' 동아에코빌입구'",37.509476,126.899300
257,"' 신길삼거리(우리은행)'",37.513844,126.919357
258,"' 신길역3번출구'",37.517693,126.914299
259,"' 대방역6번출구'",37.513592,126.925934
260,"' 여의도 마리나선착장 앞'",37.533817,126.912491
262,"' 영문초등학교 사거리'",37.519928,126.889183
263,"' 근로자회관 사거리'",37.517151,126.888626
264,"' 교보생명보험 앞'",37.521931,126.891617
265,"' 영등포유통상가 사거리'",37.521133,126.896538
266,"' 영등포청과시장 사거리'",37.520294,126.901192
267,"' 삼성화재 사옥 옆'",37.535961,126.898300
268,"' 그랜드컨벤션센터 앞'",37.534718,126.900002
270,"' 증권거래소후문교차로'",37.522343,126.927101
271,"' 샛강생태공원방문자센터 앞'",37.518963,126.921616
272,"' 당산육갑문'",37.535339,126.903679
274,"' 영등포역지하쇼핑센타 5번출구'",37.516651,126.907990
275,"' 신동아아파트'",37.522816,126.885651
276,"' SK 영등포주유소'",37.518284,126.912636
277,"' 영등포뉴타운지하상가 2번게이트'",37.520119,126.905167
278,"' 쌍용플레티넘오피스텔'",37.507931,126.895233
279,"' 영등포 푸르지오 아파트'",37.513229,126.904465
280,"' 양평동6차현대아파트 앞'",37.532101,126.894440
281,"' 신동아아파트 앞'",37.498241,126.893982
282,"' 신한은행'",37.487530,126.904877
283,"' 아크로타워 스퀘어(영등포시장)'",37.522518,126.907219
284,"' 센트럴 푸르지오 시티 앞'",37.518211,126.902229
285,"' 대림3동사거리(하나은행)'",37.499859,126.897240
286,"' 우성아파트 교차로'",37.494572,126.899750
287,"' 영등포전화국사거리 (서강어린이공원)'",37.525768,126.905739
289,"' 대림3동사거리'",37.499809,126.898003
291,"' 문래동 하이테크 시티'",37.513851,126.898880
292,"' 영일 어린이공원'",37.510120,126.904068
700,"' KB국민은행 염창역 지점 앞'",37.546848,126.872772
701,"' 목동사거리 부근'",37.532803,126.863930
702,"' 목4동주민센터 옆'",37.532543,126.868729
703,"' 오목교역 7번출구 앞'",37.524063,126.875580
704,"' 남부법원검찰청 교차로'",37.523254,126.864906
706,"' 신정네거리역'",37.521881,126.851753
707,"' 신정3동주민센터'",37.515156,126.854897
708,"' 서울출입국관리사무소 앞'",37.518970,126.869965
709,"' 신정3동 현장민원실 앞'",37.511585,126.841560
710,"' 서부화물트럭터미널 사거리'",37.510658,126.842537
711,"' 신일해피트리아파트 앞'",37.517059,126.848488
712,"' 강월초교입구 사거리'",37.516998,126.838318
713,"' 양서중학교 옆'",37.533047,126.829956
714,"' 한국SGI 양천문화회관 앞'",37.532547,126.830803
716,"'신정6동 주민센터 인근'",37.517281,126.864334
719,"' 홍익병원앞 교차로'",37.530369,126.864258
720,"' 서울강월초등학교 앞'",37.516197,126.834900
722,"' LG전자베스트샵 신정점 '",37.521435,126.857384
723,"' SBS방송국'",37.529163,126.872749
724,"' 계남공원 입구 주출입구 좌측'",37.510681,126.857399
725,"' 양강중학교앞 교차로'",37.524334,126.850548
726,"' 목동3단지 시내버스정류장'",37.534389,126.869598
729,"' 서부식자재마트 건너편'",37.510380,126.866798
731,"' 서울시 도로환경관리센터'",37.529900,126.876541
732,"' 신월동 이마트'",37.539551,126.828300
733,"' 신정이펜하우스314동'",37.514099,126.831001
734,"' 신트리공원 입구'",37.513950,126.856056
735,"' 영도초등학교'",37.536430,126.871521
736,"' 오솔길공원'",37.522190,126.836700
737,"' 장수공원'",37.522560,126.849480
739,"' 신월사거리'",37.536201,126.827797
740,"' 으뜸공원'",37.536369,126.831711
741,"' 화곡로 입구 교차로'",37.539520,126.825401
742,"' 등촌역 5번 출구 뒤'",37.550732,126.864578
743,"' 현대6차아파트 101동 옆'",37.508900,126.842682
744,"' 신목동역 2번 출구'",37.543842,126.882545
745,"' 강서초등학교'",37.522282,126.839699
746,"' 목동2단지 상가'",37.536503,126.877747
747,"' 목동3단지 상가'",37.534580,126.875648
749,"' 이대 목동병원 앞'",37.537228,126.886612
750,"' 연의근린공원 건너편'",37.512157,126.835625
752,"' 성원2차 아파트'",37.542183,126.863304
754,"' 목동1단지아파트 118동 앞 (월촌초등학교 정류소 옆)'",37.541142,126.876678
755,"' 목동1단지아파트 상가 앞 (월촌중학교 버스정류소 옆)'",37.537868,126.881409
756,"' 목동주차장'",37.526680,126.876167
757,"' 신정이펜하우스 1단지아파트 입구 사거리'",37.514278,126.828743
758,"' 한사랑교회 앞'",37.514721,126.859200
759,"' 보아스아파트 앞'",37.524071,126.838600
760,"' 잣절보도육교 아래'",37.506821,126.844299
763,"' 목동11단지 아파트'",37.511318,126.858620
764,"' 목동청소년수련관'",37.531029,126.875893
800,"' 목월공원 앞'",37.532433,126.954742
802,"' 한강진역 2번 출구 앞'",37.541153,127.002213
803,"' 한남초교 앞 보도육교'",37.538139,127.004097
805,"' 문배어린이공원 앞'",37.536758,126.970001
806,"' 전자랜드 본관 앞'",37.533066,126.960732
807,"' 서울역 12번 출구 앞'",37.552277,126.972687
808,"' 서빙고동 금호맨션 앞'",37.520504,126.989738
809,"' 한남 유수지 복개주차장'",37.530167,127.007439
810,"' 이태원지하보도'",37.538410,126.986649
811,"' 녹사평역1번출구'",37.535080,126.985382
812,"' 용산전쟁기념관'",37.534840,126.977661
813,"' 삼각지역 3번출구'",37.533512,126.972275
815,"' LIG강촌아파트 103동앞'",37.518509,126.978798
816,"' 신용산역 6번출구 앞'",37.530148,126.968483
817,"' 삼각지역 4번출구 앞'",37.533451,126.971733
818,"' 숙명여대 입구 교차로'",37.544895,126.969383
819,"' 선린인터넷 고등학교'",37.541653,126.970505
820,"' 청파동입구 교차로'",37.549026,126.971947
822,"' 이촌1동 마을공원'",37.522041,126.965523
823,"' 효창동주민센터 앞'",37.542320,126.961960
825,"' 서빙고동 주민센터 앞'",37.520336,126.994263
826,"' 서울역 서부교차로2'",37.555367,126.968643
827,"' 국군복지단'",37.541885,126.979660
828,"' 숙대입구역 8번'",37.544079,126.972000
829,"' 베르가모앞'",37.522930,126.961693
830,"' 청암자이아파트앞'",37.534424,126.948570
831,"' 이태원관광특구입구'",37.534279,126.988564
832,"' 이촌1동 주민센터 뒤'",37.521282,126.973465
834,"' 효창공원앞역 3번출구 뒤'",37.539009,126.961380
835,"' 남영역 건너편'",37.541981,126.971542
836,"' 현대자동차서비스 앞'",37.531422,126.951500
837,"' 한남나들목 입구'",37.529060,127.006729
838,"' 숙대입구역 4번출구'",37.544460,126.972389
840,"' 용산 파크타워 앞'",37.523651,126.970268
841,"' 신용산역 1번 출구'",37.529610,126.968872
844,"' 이촌2동 동원베네스트 아파트 앞'",37.527149,126.955162
845,"' 용산 선인상가'",37.532700,126.964378
900,"' 은평예술회관'",37.603943,126.927696
901,"' 응암1동사무소'",37.600975,126.926956
902,"' 진관동 은빛초등학교'",37.643108,126.918221
903,"' 은평뉴타운 아이파크'",37.645866,126.927391
904,"' 은평뉴타운 푸르지오'",37.648674,126.930702
905,"' 구파발역 2번출구'",37.636234,126.918999
906,"' 연신내역 5번출구150M 아래'",37.617210,126.919579
907,"' CJ 드림시티'",37.599491,126.916862
908,"' 구산역 4번출구'",37.613186,126.917351
909,"' 백련산 힐스테이트 3차'",37.586994,126.922882
911,"' 은평평화공원(역촌역4번출구)'",37.605583,126.922935
912,"' 응암오거리'",37.589661,126.916946
913,"' 이마트 은평점'",37.600700,126.920128
914,"' 새절역 2번출구'",37.590797,126.913651
915,"' 증산역 4번출구'",37.584381,126.909897
916,"' 평생학습관 앞'",37.607849,126.921326
917,"' 녹번역 4번출구'",37.601299,126.935349
919,"' 서울혁신파크'",37.607025,126.933311
921,"' 신도고등학교'",37.630016,126.919029
922,"' 연신내역 4번출구'",37.617802,126.921967
923,"' 국민은행 연서지점'",37.620949,126.925636
924,"' 메뚜기다리'",37.628517,126.929581
925,"' 불광역 2번출구'",37.609566,126.930977
926,"' 불광역 8번출구'",37.611179,126.929665
927,"' 연신내역 3번출구 인근'",37.617855,126.922523
928,"' 은평역사한옥박물관'",37.641315,126.938042
930,"' 구 서부경찰서 건너편'",37.601662,126.920303
931,"' 역촌파출소'",37.604736,126.915337
932,"' 예일여중'",37.610004,126.916397
933,"' LG서비스 역촌점'",37.612484,126.914879
934,"' 신사동 성당'",37.597141,126.909599
935,"' 역촌역 1번 출구'",37.605202,126.922112
937,"' 상림마을 롯데캐슬2단지 옆'",37.645851,126.923798
938,"' 금암 문화공원'",37.644684,126.918457
939,"' 은평구청 교차로'",37.601700,126.927422
941,"' 은평뉴타운 도서관'",37.637260,126.933701
942,"' 상림마을 생태공원'",37.644081,126.929283
943,"' 은평구청 보건소'",37.602402,126.928650
945,"' 기자촌 사거리'",37.634140,126.932343
946,"' 독바위역 '",37.618439,126.932884
947,"' 연신내 선일하이츠빌 정류소'",37.622669,126.919991
948,"' 디지털미디어 시티역 4번출구'",37.577202,126.902351
949,"' 연신내역 1번 출구 '",37.619781,126.920807
950,"' 구산역 2번 출구 '",37.610779,126.917351
951,"' 연신내역 6번출구옆'",37.619305,126.920593
952,"' 서울연신중학교'",37.622650,126.925247
953,"' 서울연신초등학교'",37.625778,126.928818
954,"' 은평뉴타운구파발9단지'",37.642609,126.921478
956,"' 응암시장교차로'",37.594376,126.918159
958,"' 신한은행 응암동 지점 앞'",37.600361,126.922813
959,"' 구파발10단지 인근'",37.643661,126.914558
960,"' 구파발역 환승센터'",37.638252,126.919456
961,"' 불광역 9번 출구'",37.610970,126.929810
962,"' 은평뉴타운 힐데스하임'",37.639259,126.918907
963,"' 대호프라자아파트'",37.614429,126.932579
964,"' 북한산힐스테이트 7차아파트'",37.616112,126.925041
965,"' 서울특별시 은평병원'",37.593479,126.923187
966,"' 서울혁신파크1'",37.609032,126.934677
967,"' 서울혁신파크2'",37.608910,126.932419
968,"' 은평뉴타운 상림마을 13단지'",37.642090,126.929413
1001,"' 광진교 남단 사거리(디지털프라자앞)'",37.541805,127.124718
1002,"' 해공공원(천호동)'",37.545219,127.125916
1003,"' 해공도서관앞'",37.543915,127.125458
1004,"' 삼성광나루아파트 버스정류장'",37.553349,127.128860
1006,"' 롯데캐슬 115동앞'",37.554920,127.142799
1007,"'암사동 선사유적지'",37.559063,127.130646
1008,"' 암사역 3번출구(국민은행앞)'",37.549549,127.127151
1009,"' 천호역4번출구(현대백화점)'",37.538658,127.124214
1010,"' 강동세무서'",37.534481,127.138344
1011,"' LIGA 아파트 앞'",37.534771,127.135239
1012,"' 서울 상운차량'",37.536026,127.122726
1013,"' 강동구청역 1번 출입구'",37.530773,127.120926
1014,"' 강동구평생학습관앞'",37.550800,127.142624
1015,"' 샛마을 근린공원'",37.550079,127.146912
1016,"' 해뜨는 주유소옆 리엔파크 109동앞'",37.559399,127.171158
1017,"' 맥도날드(길동)'",37.535473,127.145172
1018,"' 둔촌 주공 GS 맞은편'",37.524681,127.135406
1019,"' 다성이즈빌아파트(호원대 대각선 맞은편)'",37.526825,127.130028
1020,"' 강동경찰서'",37.528290,127.126801
1021,"' 강일동 리슈빌 빌딩앞'",37.564301,127.173950
1022,"' 길동 사거리(초소앞)'",37.533764,127.138031
1023,"' 한국종합기술사옥 앞'",37.549999,127.174690
1024,"'  강동구청 앞'",37.529251,127.123108
1025,"' 상일초등학교'",37.546841,127.172516
1026,"' 대명초교 입구 교차로'",37.546631,127.155884
1027,"' 프라자 아파트 앞'",37.535999,127.147697
1028,"' 포레스 주상복합 빌딩'",37.533100,127.122780
1029,"' 롯데 시네마'",37.536541,127.125397
1030,"' 미호 플랜트 앞'",37.527061,127.122070
1031,"' 암사동 CBIS'",37.555851,127.129898
1032,"' 선사고등학교'",37.556728,127.136208
1033,"' 고덕동 아남아파트'",37.557991,127.144707
1034,"' 고덕동 래미안 힐스테이트'",37.561909,127.150749
1035,"' 고덕역 4번출구'",37.555016,127.155273
1036,"' 고덕동 주양쇼핑'",37.551998,127.153297
1037,"' 강일 6단지'",37.562588,127.177612
1038,"' 강일 다솜 어린이 공원'",37.568668,127.174797
1039,"' 고덕초등학교'",37.561279,127.167801
1040,"' 강일동 에너지 마루'",37.567200,127.163460
1041,"' 묘곡초등학교'",37.559196,127.153297
1042,"' 강일 2.5단지 사이'",37.568562,127.177002
1044,"' 굽은다리역'",37.545399,127.142601
1047,"' 건강보험 강동지사kt'",37.536381,127.137253
1048,"' 동부기업(둔촌동)'",37.531013,127.142365
1049,"' 강일동 10단지 아파트'",37.561180,127.180267
1050,"'  둔촌역 3번 출입구'",37.526695,127.135529
1051,"' 양지시장 (용성약국앞) 입구'",37.554829,127.137321
1052,"' 리싸이클시티'",37.556469,127.156822
1053,"' 동명근린공원 진입로 (아리수로)'",37.562538,127.164528
1054,"' 말우물 어린이 공원'",37.560009,127.169579
1056,"' 강일리엔파크 7~11단지'",37.563332,127.179092
1057,"' 능골근린공원'",37.555790,127.173813
1058,"' 고덕숲 아이파크 1'",37.553471,127.165001
1059,"' 레미안 강동팰리스(102동)'",37.538181,127.131752
1060,"' 천일초교 사거리'",37.544659,127.132637
1061,"' 천호초교 입구 사거리(일주빌딩)'",37.546928,127.134621
1062,"' 고덕숲 아이파크 2'",37.551079,127.162621
1101,"' 개화동상사마을종점 버스정류장'",37.581612,126.798599
1102,"' 방화사거리 마을버스 버스정류장'",37.573643,126.811806
1103,"' 방화역 4번출구앞'",37.577221,126.812195
1105,"' 방화근린공원'",37.581623,126.812653
1106,"' 신방화사거리'",37.573032,126.816452
1108,"' 공항시장역 1번출구'",37.563560,126.810150
1109,"' 공항시장역 4번출구'",37.563347,126.810486
1110,"' 공항중학교앞'",37.562683,126.816238
1111,"' 마곡엠밸리6_7단지 마곡중학교'",37.566982,126.821800
1112,"' 마곡엠밸리4단지 정문'",37.568577,126.824776
1113,"' 서남환경공원 버스정류장'",37.573093,126.822899
1114,"' 서남물재생센터 버스정류장'",37.572781,126.826279
1115,"' 등촌역 1번출구옆'",37.551666,126.864090
1117,"' 스타벅스앞'",37.558197,126.844261
1118,"' 증미역 3번출구뒤(등촌두산위브센티움오피스텔)'",37.557461,126.861458
1119,"' 염창동 한마음아파트앞(염창동 빛나는 음악학원앞)'",37.554253,126.867561
1120,"' 대림경동아파트앞'",37.565189,126.853996
1121,"' 가양레포츠센터앞'",37.559479,126.864380
1122,"' 황금내근린공원'",37.561932,126.863869
1124,"' 발산역 6번출구옆(다이소앞)'",37.557968,126.838287
1125,"' 명덕고교입구(영종빌딩)'",37.552914,126.836571
1126,"' 우장산역 1번출구옆(우장산아이파크105동앞)'",37.548908,126.836563
1127,"' 화곡역(에이스정형외과앞) 버스정류장'",37.540981,126.838547
1129,"' 화곡역 1번 출구 앞'",37.542099,126.840218
1130,"' 화곡본동시장 버스정류장'",37.542751,126.842621
1131,"' 꿈돌이공원 앞'",37.546444,126.845459
1132,"' 등촌역 7번출구'",37.551109,126.863708
1135,"' 강서구의회'",37.546532,126.862549
1136,"' 등촌2파출소'",37.544788,126.862000
1137,"' 등촌2동주민센터'",37.541431,126.863220
1139,"' 용문사 버스정류장'",37.536991,126.863365
1140,"' 목동사거리 버스정류장'",37.531399,126.863609
1141,"' 곰달래 문화복지센터 1-1'",37.529060,126.848480
1145,"' 곰달래 문화복지센터 1-2'",37.528919,126.848083
1146,"' 곰달래사거리'",37.530338,126.838257
1148,"' 볏골공원'",37.541470,126.844780
1149,"' 신방화역환승주차장'",37.567284,126.818275
1150,"' 송정역 1번출구'",37.561550,126.810478
1151,"' 마곡역1번출구'",37.560234,126.823471
1152,"' 마곡역교차로'",37.558666,126.826614
1153,"' 발산역 2번출구'",37.558910,126.838097
1155,"' 기쁜우리복지관'",37.569260,126.848419
1157,"' 강서구청'",37.550659,126.849770
1158,"' 가양역 8번출구'",37.561035,126.854813
1159,"' 서서울모터리움앞'",37.565853,126.846596
1160,"' 양천향교역 7번출구앞'",37.567680,126.840897
1161,"' 강서면허시험장앞'",37.549694,126.819664
1162,"' 공항초등학교건너편'",37.562679,126.820473
1163,"' 방화동강서기동대앞'",37.570499,126.820084
1165,"' 마곡중학교 후문'",37.568447,126.821648
1166,"' 강서구립등빛도서관'",37.562569,126.842461
1167,"' 마곡수명산파크3단지 교차로'",37.553467,126.825928
1168,"' 마곡엠밸리10단지 앞'",37.560226,126.819069
1169,"' 염창역 1번 출구'",37.547199,126.874489
1170,"' 강서구보건소 (삼성디지털 프라자)'",37.549179,126.868797
1171,"' 염창동 새마을금고 건너편 (모닝글로리)'",37.550049,126.873161
1172,"' 가양3동 주민센터'",37.561249,126.860580
1173,"' 강서구청사거리(SH타워)'",37.556259,126.853317
1174,"' 강서구청사거리(부민병원)'",37.556599,126.851471
1175,"' 대한항공 인력개발센터'",37.554379,126.857536
1177,"' 수명중․고교'",37.550110,126.823677
1178,"' 개화산역 2번 출구'",37.572472,126.806168
1180,"' 마곡엠밸리 15단지(1502동) 건너편'",37.557468,126.829720
1181,"' 농수산식품공사 (강서지사)'",37.551044,126.818497
1182,"' KBS 스포츠월드'",37.556877,126.848808
1184,"' 마곡13단지'",37.556450,126.815979
1185,"' 등촌9단지'",37.562901,126.849472
1186,"' 송정중학교'",37.554729,126.816093
1188,"' 롯데중앙연구소'",37.571381,126.828339
1190,"' 마곡역 교차로(2번출구)'",37.560501,126.826653
1191,"' 마곡역 교차로(NH농협)'",37.560242,126.827164
1194,"' 센서텍㈜'",37.563301,126.836823
1195,"' 코오롱one&only타워'",37.564129,126.834312
1196,"' 서울식물원(문화센터) 건너편'",37.568241,126.835831
1197,"' 엘펠리체 호텔 건너편'",37.560429,126.835403
1198,"' LG 사이언스파크'",37.562550,126.827438
1201,"' 가락시장역 3번 출구'",37.493179,127.118546
1203,"' 밀리아나2빌딩 앞'",37.493729,127.120621
1204,"' 거여역 3번출구'",37.493343,127.144730
1205,"' 종합운동장역 4번출구'",37.510429,127.071373
1206,"' 9호선종합운동장역 9번출구'",37.511280,127.078239
1207,"' 마천CU우방점 앞'",37.499756,127.152504
1208,"' 풍납현대아파트쉼터'",37.529675,127.119789
1209,"' 잠실나루역 (2번 출구 쪽)'",37.520451,127.104202
1210,"' 롯데월드타워(잠실역2번출구 쪽)'",37.513126,127.100960
1211,"' 방이삼거리'",37.512104,127.107780
1212,"' 송파역 2번 출구앞'",37.499413,127.112869
1213,"' 백토공원 앞'",37.507660,127.132736
1214,"' 오금역 7번 출구 인근'",37.502594,127.127647
1215,"' 올림픽공원역 1번출구 앞'",37.516571,127.131538
1217,"' 송파파인타운 7단지'",37.479271,127.129578
1218,"' 방이역 4번출구'",37.508968,127.125839
1220,"' 잠실본동주민센터뒤 잠실근린공원'",37.505692,127.084038
1221,"' 삼전사거리 포스코더샵'",37.504200,127.087532
1222,"' 잠실새내역 5번 출구 뒤'",37.511982,127.085052
1224,"' 아시아지하보도 2번 출구'",37.512169,127.078934
1226,"' 잠실4동 주민센터 옆'",37.520077,127.112366
1227,"' 거여역 8번출구 뒤'",37.493126,127.143822
1228,"' 마천사거리 '",37.497700,127.146202
1229,"' 송파체육문화회관 앞'",37.490688,127.143127
1230,"' 송파중학교 정문'",37.495670,127.130592
1231,"' 잠실역 6번출구'",37.514088,127.099030
1232,"' 롯데마트 주차장 옆'",37.512089,127.096191
1233,"' 잠실3거리(갤러리아팰리스)'",37.510509,127.093369
1235,"' 잠실트리지움310동 옆'",37.508339,127.088142
1239,"' 문정 법조단지3'",37.480843,127.118011
1240,"' 문정 법조단지4'",37.480576,127.118568
1241,"' 문정 법조단지5'",37.481239,127.119797
1242,"' 문정 법조단지6'",37.482090,127.119743
1243,"' 문정 법조단지7'",37.484531,127.120163
1244,"' 문정 법조단지8'",37.481537,127.122124
1245,"' 문정 법조단지9'",37.479465,127.125328
1246,"' 문정 법조단지10'",37.477509,127.126328
1247,"' 문정 법조단지11'",37.478821,127.123512
1248,"' 방이초등학교'",37.513962,127.121674
1249,"' 아주중학교건너편'",37.505463,127.077347
1250,"'문정2동 주민센터'",37.490047,127.110748
1251,"' 석촌역 2번출구'",37.505932,127.107750
1253,"' 오금역 3번 출구 뒤'",37.501652,127.128181
1257,"' 가락시장역 롯데마트앞'",37.492100,127.117752
1258,"' 가락미륭아파트 앞'",37.493198,127.128998
1259,"' 방이역 1번출구'",37.508984,127.126595
1260,"' 방이동 한양3차아파트 옆'",37.506302,127.121399
1262,"' 송파여성문화회관 앞'",37.505802,127.109718
1263,"' 장지공영차고지'",37.480541,127.137016
1264,"' 천호역 10번 출구 앞'",37.538582,127.122803
1265,"' 문정동 근린공원'",37.485989,127.124763
1266,"' 문정동 글샘 공원'",37.478809,127.120003
1267,"' 올림픽공원 남2문 앞'",37.514240,127.123070
1268,"' 몽촌토성역 1번출구 옆'",37.517288,127.114197
1269,"' 리센츠아파트 '",37.511944,127.091217
1271,"' 송파도서관'",37.499985,127.135391
1274,"' 영파여고 앞'",37.532848,127.121048
1275,"' 거여초등학교 옆'",37.504589,127.139366
1277,"' 오금동 송파 참병원'",37.503757,127.137093
1278,"' 송파구청 교차로'",37.515831,127.106796
1279,"' 마천금호어울림 1차아파트 건너편'",37.497517,127.154678
1280,"' 송파파크데일 2단지입구 앞 주차장'",37.495659,127.157173
1282,"' 송파소방서 맞은편(성내4교)'",37.499874,127.141479
1283,"' 오금공원 사거리'",37.505455,127.131752
1285,"' 위례별 유치원 뒤'",37.477470,127.144592
1286,"' 위례중앙푸르지오 1단지 앞'",37.474377,127.140671
1287,"' 위례아이파크 101동 맞은편'",37.477531,127.141518
1288,"' 문정중교 사거리'",37.487999,127.131088
1289,"' 풍납동 자전거보관소'",37.531471,127.111092
1290,"' 위례송파꿈에그린아파트24단지 앞 성벽 다리 밑'",37.474659,127.137718
1291,"' 서울체육고등학교 앞'",37.521938,127.131866
1293,"' 석촌호교차로 (스타벅스 앞)'",37.506561,127.096558
1295,"' 잠실역 8번출구'",37.513962,127.100304
1296,"' 석촌호수교차로 (송파나루근린공원 앞)'",37.508678,127.103432
1297,"' 석촌호수교차로(동호 팔각정 앞)'",37.509201,127.104118
1299,"' 송파소방서 (방이119안전센터)'",37.519878,127.136711
1300,"' 오륜사거리'",37.506939,127.139221
2601,"' 석촌호수 서호사거리'",37.506748,127.098831
2603,"' 송파 글마루 도서관'",37.480801,127.130341
2604,"' 삼표레미콘 앞'",37.531311,127.111282
2605,"' 복정역 1번 출구 앞'",37.471298,127.127090
2606,"' 위례동주민센터 맞은편 근린공원'",37.481739,127.143227
2607,"' 복정역 2번출구 후문 (장지치안센터)'",37.470650,127.127113
2608,"' 송파구청'",37.514359,127.106194
2616,"' 거여동 사거리'",37.496078,127.140106
2617,"' 가락삼환아파트 앞'",37.496181,127.138031
1302,"' 한성대입구역6번출구 뒤'",37.588764,127.006310
1303,"' 돈암초교 입구'",37.591694,127.012497
1304,"' 만해공원'",37.594402,126.992310
1305,"' 성북구청'",37.589329,127.016434
1306,"' 한성대입구역2번출구'",37.588448,127.006706
1308,"' 안암로터리 버스정류장 앞'",37.582592,127.028976
1313,"' 정릉교회 앞'",37.603245,127.014191
1314,"' 정릉꿈에그린1단지 201동 앞'",37.602440,127.011688
1315,"' 고려사대부속중고 정문'",37.607761,127.003281
1316,"' 고려사대부속중고 건너편 '",37.607262,127.002838
1317,"' 정릉동 교통광장'",37.612774,127.006531
1318,"' 길음역 3번출구 뒤'",37.603085,127.024788
1319,"' 종암사거리 분수대'",37.603043,127.033272
1320,"' LG베스트샵 종암점'",37.599285,127.034622
1321,"' 국민은행 종암동지점 앞'",37.593288,127.036667
1322,"' 래미안라센트아파트 103동 앞'",37.598068,127.039276
1323,"' 월곡역 입구 육교 밑'",37.600433,127.040207
1325,"' 상월곡역 4번출구'",37.605808,127.047737
1326,"' 상월곡역 1번출구'",37.606068,127.047318
1327,"' 상월곡역 3번출구'",37.607342,127.050682
1328,"' 월곡역 3번출구'",37.602627,127.041634
1332,"' 석계역 5번출구 건너편'",37.613556,127.066093
1333,"' 석관초등학교 앞'",37.610523,127.059799
1334,"' 석관동주민센터 앞'",37.612999,127.061310
1336,"' 성북3교 위'",37.591251,127.014008
1337,"' 돈암성당 옆'",37.590382,127.017136
1338,"' 용문2교 옆'",37.586899,127.020752
1339,"' 삼성전자서비스 성북센터'",37.610569,127.033508
1340,"' 광운초등학교 앞'",37.619560,127.053802
1342,"' 성북쉼터 앞'",37.592617,126.997932
1343,"' 한성대7번출구 앞'",37.589249,127.007378
1344,"' 아리랑시네센터 앞'",37.600288,127.013702
1346,"' 길음8골어린이공원 옆'",37.608978,127.020248
1347,"' 길음래미안아파트817동 상가 앞'",37.607105,127.021500
1348,"' 성북제일새마을금고 본점 앞'",37.604752,127.022758
1349,"' 월계2교 버스정류장 앞'",37.623829,127.050201
1351,"' 안암2교 옆'",37.579449,127.024193
1352,"' e 편한세상 보문아파트 내'",37.583881,127.017097
1353,"' 금호어울림센터힐 내'",37.600830,127.023552
1354,"' 고려대학교 2번출구'",37.590714,127.036194
1355,"' 보문2교'",37.588699,127.018913
1357,"' 북한산보국문역'",37.612072,127.008133
1358,"' 정릉도서관 앞'",37.604790,127.010582
1359,"' 장위뉴타운 꿈에 숲 코오롱 하늘채 앞'",37.619801,127.045097
1360,"' 정릉역'",37.603096,127.013504
1361,"' 홍익중고 입구'",37.592842,127.002121
1362,"' 보문역6번출구 앞'",37.585098,127.019676
1363,"' 보문4교 인근'",37.583752,127.021950
1364,"' 성북동 치안센터 앞'",37.590172,127.004089
1365,"' 선잠단지 앞'",37.593361,126.999092
1366,"' 일신초등학교 옆'",37.599720,127.040382
1367,"' 길음문화복합미디어센터'",37.603512,127.022560
1368,"' 성신여대입구 교차로'",37.591480,127.020103
1369,"' 미아사거리'",37.609131,127.030029
1370,"' 복자사랑 피정의 집'",37.594540,126.995209
1372,"' KEB은행 고대점'",37.586559,127.031960
1373,"' 성북구보건소 건너편'",37.602291,127.038979
1401,"' 극동늘푸른아파트'",37.614738,127.076363
1402,"' 금란주차장 앞'",37.600071,127.102333
1403,"' 중화빌딩 앞 (동부시장)'",37.594250,127.076576
1404,"' 동일로 지하차도'",37.595299,127.080032
1405,"' 망우역 1번출구'",37.599098,127.092949
1406,"' 망우청소년수련관'",37.606251,127.108269
1407,"' 먹골역 1번출구 뒤'",37.611511,127.077888
1408,"' 먹골역 6번출구 앞'",37.610722,127.077477
1410,"' 면목 대원칸타빌아파트'",37.577782,127.090187
1411,"' 상봉시장앞 교차로 한성빌딩 앞'",37.592541,127.086739
1412,"' 면목초등학교'",37.590961,127.087067
1413,"' 봉화산역 5번출구 뒤'",37.617561,127.090309
1414,"' 사가정역 1번출구'",37.581646,127.088432
1416,"' 상봉역 3번출구'",37.595219,127.085999
1418,"' 새솔초등학교'",37.617989,127.110542
1420,"' 신내어울공원 앞'",37.614231,127.096764
1421,"' 신내역 4번출구'",37.612461,127.103378
1422,"' 신내우디안아파트 1단지'",37.620098,127.106461
1424,"' 양원역 2번출구'",37.606312,127.107742
1425,"' 용마문화복지센터'",37.587460,127.095970
1426,"' 면목도시개발아파트 1동 앞'",37.573589,127.086823
1427,"' 용마산역 1번출구'",37.574299,127.086914
1428,"' 원묵고등학교'",37.616024,127.085968
1429,"' 장안중학교'",37.599957,127.080002
1430,"' 중랑구청'",37.606152,127.092598
1431,"' 중랑구청 사거리'",37.606499,127.095451
1433,"' 중화역 2번출구'",37.602077,127.079582
1434,"' 홈플러스 면목동점'",37.579868,127.082367
1435,"' 능산삼거리'",37.608681,127.100792
1436,"' 영풍마드레빌'",37.605881,127.100632
1437,"' 늘푸른공원 앞'",37.583420,127.079926
1438,"' 홈플러스 신내점 앞'",37.616169,127.093483
1440,"' 하나은행 면목지점'",37.586372,127.080070
1441,"' 신내능말공원'",37.616711,127.110733
1442,"' (구)신한은행 중랑교지점'",37.598591,127.079819
1443,"' 구립망우청소년독서실'",37.595520,127.098778
1444,"' 면목4치안센터'",37.574028,127.080544
1445,"' 용마지구대'",37.579941,127.079399
1446,"' 중랑전화국 교차로'",37.591301,127.080330
1447,"' 면목역 3번출구'",37.588902,127.087280
1448,"' 코스트코 상봉점'",37.597321,127.089798
1449,"' 상봉역 1번출구'",37.596558,127.085838
1450,"' 화랑대역 7번출구'",37.619625,127.085014
1451,"' 중랑세무서'",37.592758,127.072670
1452,"' 겸재교 진입부'",37.585655,127.075050
1453,"' 중랑캠핑숲'",37.604603,127.109253
1454,"' 한국전력공사(동대문 중랑지사)'",37.607349,127.078590
1455,"' 상봉역 2번 출구'",37.596329,127.085899
1456,"' 상아빌딩(우림시장 교차로)'",37.595112,127.100327
1457,"' 동원사거리'",37.589760,127.093239
1458,"' 상봉터미널2'",37.597340,127.093086
1459,"' 용마한신아파트사거리'",37.580349,127.092651
1601,"' 석계역 문화광장 내 자전거 보관소'",37.615299,127.064468
1602,"' 광운대역 앞'",37.622662,127.061897
1603,"' 롯데캐슬 102동 코너(월계주유소건너)'",37.624859,127.050140
1605,"' 헬스케어'",37.631622,127.061615
1606,"' 태릉입구역 3번출구 '",37.619171,127.074928
1608,"' 공릉역 1번 출구 앞'",37.626614,127.072754
1610,"' 화랑대역 2번출구 앞'",37.620369,127.083641
1611,"' 과기대 입구(우)'",37.629940,127.076553
1616,"' 하계2동 공항버스정류장 옆'",37.635109,127.068329
1617,"' 하계동 중평어린이공원 앞'",37.637150,127.063271
1619,"' 중계동 하나프라자빌딩 앞(중1-1)'",37.649021,127.076408
1620,"' 중계동 노원구민체육센터 옆(중1-2)'",37.648209,127.070221
1623,"' 노원 구민회관'",37.638649,127.066292
1625,"' 상계역(4번출구)'",37.660000,127.072968
1627,"' 수락산역 4번출구'",37.676941,127.055099
1628,"' 노일초등학교 앞'",37.673618,127.055252
1630,"' 수연빌딩 앞'",37.676250,127.055504
1634,"' 당고개공원 대여소'",37.669079,127.077591
1635,"' 상계3.4동 주민센터 대여소'",37.672710,127.083160
1636,"' 백병원 사거리 농협은행 앞'",37.649212,127.061768
1637,"' KT 노원점 건물 앞'",37.654701,127.063400
1639,"' 희성오피앙'",37.680313,127.055069
1640,"' 한내근린공원 북측'",37.623863,127.068489
1641,"' 한내근린공원 남측'",37.621555,127.069511
1642,"' 서울여대 남문'",37.625435,127.088493
1643,"' 태릉입구역 8번출구'",37.617367,127.075211
1646,"' 삼육대 입구'",37.638489,127.107903
1650,"' 중계근린공원내'",37.639580,127.065102
1651,"' 맥도날드 상계점 앞'",37.672375,127.055992
1652,"' 파르코 앞'",37.680000,127.055580
1653,"' 노원역1번출구'",37.656200,127.063622
1654,"' 당고개입구 오거리'",37.663792,127.075447
1655,"' 공릉1단지아파트'",37.631111,127.070160
1656,"' 중앙하이츠 아파트 입구'",37.654999,127.067436
1657,"' 노원구청 '",37.654049,127.057327
1659,"' 중계동 을지중학교'",37.650330,127.071602
1660,"' 서울시립과학관'",37.642071,127.076622
1661,"' 당현천근린공원'",37.649639,127.065605
1662,"' 노원역7번출구'",37.654114,127.059151
1663,"' 동해문화예술관앞'",37.619381,127.057854
1664,"' 노해근린공원내'",37.649361,127.070442
1665,"' 양지근린공원앞'",37.647335,127.076424
1666,"' 노원소방서인근'",37.655781,127.071777
1667,"' 중계중학교'",37.654499,127.074387
1668,"' 중계역 6번출구'",37.645508,127.063255
1669,"' 중계역 3번출구'",37.643528,127.065224
1670,"' 노원경찰서교차로'",37.643410,127.071838
1671,"' 인덕대학교'",37.629349,127.054825
1672,"' 상계동수락리버시티'",37.688599,127.053406
1673,"' 노원역 5번출구'",37.653976,127.060974
1674,"' 서울북부고용센터앞'",37.653549,127.058083
1675,"' 월계문화체육센터'",37.626942,127.055130
1677,"' 육군사관학교  앞'",37.623165,127.090500
1678,"' 성서대학교 밀알관'",37.648438,127.064445
1679,"' 삼육대 도서관'",37.642830,127.106667
1680,"' 삼육대 제3과학관'",37.642654,127.108383
1681,"' 현대6차 아파트'",37.645802,127.082260
1682,"' 중계종합사회복지관 교차로'",37.656799,127.077606
1683,"' 노원문화예술회관'",37.650459,127.080887
1684,"' 태릉입구역 5번출구'",37.618320,127.075630
1685,"' 불암고등학교 앞 횡단보도'",37.648190,127.080482
1686,"' 온수골사거리(스타벅스앞)'",37.661140,127.058052
1688,"' 마들역 7번출구'",37.665661,127.057297
1689,"' 마들역 3번출구'",37.665249,127.057892
1690,"' 도봉운전면허시험장'",37.657730,127.059311
1691,"' 노원정보도서관'",37.660709,127.065331
1702,"' 녹천역 1번출구 앞'",37.646172,127.050560
1703,"' 도봉산광역환승센터앞 '",37.689720,127.045197
1705,"' 도봉구청 정문앞'",37.669224,127.046516
1706,"' 기업은행 앞'",37.665665,127.042671
1707,"' 도봉구민회관'",37.654461,127.038513
1708,"' 보건소사거리(다비치안경창동점)'",37.656830,127.039848
1709,"' 쌍문역4번출구 주변'",37.650127,127.035347
1712,"' 창동역공영주차장앞'",37.654049,127.050201
1713,"' 쌍문동 청소년 랜드'",37.647266,127.025879
1714,"' 도봉문화정보도서관 삼거리'",37.644630,127.044609
1715,"' 서울특별시교육청도봉도서관'",37.653179,127.012787
1716,"' 하나로마트 창동점'",37.654202,127.050728
1717,"' 시립창동운동장 입구'",37.655708,127.050102
1719,"' 신도봉사거리 버스정류장'",37.673283,127.043991
1720,"' 도봉구청 옆(중랑천변)'",37.668671,127.047981
1721,"' 창동역 2번출구 '",37.653015,127.046997
1722,"' 창동청소년수련관'",37.657799,127.050049
1723,"' 방학동학마을도서관'",37.662079,127.027718
1725,"' 창1동주민센터'",37.647503,127.043312
1726,"' 삼익세라믹아파트교차로'",37.658588,127.035210
1727,"' 서울도봉초등학교인근'",37.678677,127.040764
1728,"' 서울북부지방법원'",37.677666,127.046242
1729,"' 파리바게트앞'",37.684010,127.045792
1730,"' 도봉산역 교차로 앞'",37.687592,127.045502
1732,"' 우리은행 앞'",37.667599,127.042999
1733,"' 방학사거리 (봄마당 앞)'",37.662979,127.041939
1734,"' 쌍문현대1차아파트 108동 앞'",37.658150,127.032669
1735,"' 도봉역 1,2번 출구사이 건너편'",37.679119,127.044983
1736,"' 버스정류장 앞'",37.652241,127.037064
1737,"' 하나은행 (창동점)'",37.639702,127.038834
1741,"' 제일강산수산입구'",37.645199,127.032982
1804,"' 독산역 2번출구 자전거주차장'",37.466530,126.888718
1805,"' 서울디지털운동장 앞'",37.482288,126.877769
1806,"' 에이스하이엔드타워9차 앞'",37.486214,126.878639
1808,"' 에이스하이엔드타워8차 앞'",37.473209,126.884941
1809,"' LG전자 별관동(호서대 벤처타워 맞은편)'",37.470779,126.885155
1812,"' 갑을그레이트밸리 앞'",37.479031,126.887299
1814,"' 두산위브아파트 옆 상가건물 앞'",37.474220,126.894127
1816,"' 금천폭포공원 앞'",37.446861,126.903831
1819,"' 금천구청 앞 자전거거치대'",37.456478,126.895927
1820,"' 신한은행 시흥대로금융센터지점'",37.443340,126.903358
1821,"' 홈플러스 시흥점 맞은편 다비치안경 앞'",37.451458,126.902115
1822,"' 서울 시흥동우체국 앞'",37.452991,126.900909
1823,"' 상신정비공업 앞'",37.458912,126.898590
1824,"' 독산근린공원 입구'",37.464550,126.883728
1825,"' 한신아파트 앞 육교 아래'",37.454700,126.891052
1826,"' 한신코아 앞'",37.456841,126.888344
1827,"' 독산보도육교 앞 자전거 보관소'",37.455849,126.893143
1829,"' 홈플러스 금천점 앞'",37.469139,126.897202
1830,"' 빅마켓 금천점 앞'",37.470230,126.895073
1831,"' 메이퀸웨딩컨벤션 앞'",37.472500,126.897957
1833,"' 독산역 1번출구 앞 자전거보관소'",37.466541,126.890282
1834,"' 월드메르디앙 벤처센터 2차'",37.479084,126.879044
1835,"' STX V타워'",37.477070,126.884430
1836,"' 금천구립 독산도서관'",37.467403,126.908142
1839,"' 수출의 다리 아래'",37.477058,126.885185
1840,"' 솔브레인이엔지 뒤편'",37.475101,126.888069
1841,"' 가산동 주민센터'",37.476952,126.891869
1842,"' 한울중학교'",37.462574,126.906860
1843,"' 독산고등학교'",37.477097,126.911133
1845,"' 롯데캐슬골드파크1차 서문'",37.460289,126.892189
1846,"' 롯데캐슬골드파크1차 동문'",37.460171,126.896042
1847,"' 독산주공 14단지 버스정류소'",37.461033,126.887100
1848,"' 벽산 디지털밸리 5차'",37.476276,126.885391
1849,"' 대륭포스트타워5차'",37.481354,126.886940
1850,"' 코오롱테크노밸리'",37.480160,126.886368
1851,"' 가산디지털단지 7번출구'",37.481232,126.881485
1853,"' 서울디자인직업전문학교 앞'",37.472481,126.895866
1854,"' 가산아네스트 오피스텔 앞'",37.478180,126.897408
1855,"' 성지아파트 옆 도로변'",37.451321,126.897621
1856,"' 모두의학교'",37.478409,126.907372
1857,"' 주공14단지'",37.460560,126.887093
1858,"' 석수역1번출구 앞 (SK주유소)'",37.437271,126.902687
1901,"' 신도림동주민센터 앞'",37.507332,126.879730
1904,"' 도림천역 1번 출구 앞'",37.514240,126.882874
1906,"' 신도림역 1번 출구 앞'",37.509720,126.890099
1907,"' 구일우성(아) 육교 밑'",37.489632,126.876259
1908,"' 해원리바파크 육교 밑'",37.495285,126.872162
1910,"' 낙원교회 맞은편'",37.497505,126.884377
1911,"' 구로디지털단지역 앞'",37.484940,126.901321
1912,"' 한신휴아파트 앞'",37.488800,126.890663
1913,"' 구로리공원'",37.491032,126.892151
1914,"' 대림역4번출구'",37.494591,126.893921
1916,"' 구로중학교앞'",37.494141,126.889984
1924,"' 삼부르네상스파크빌'",37.478741,126.895096
1925,"' 동양미래대학교 정문 옆'",37.499889,126.867699
1928,"' 고척스카이돔구장 광장'",37.499470,126.868401
1929,"' 고척근린공원 고척도서관 앞'",37.505135,126.852760
1930,"' 개봉지구대 개봉치안센터'",37.497684,126.853729
1931,"' 개봉역(북측광장)'",37.494995,126.858253
1933,"' 개봉푸르지오아파트 상가'",37.501583,126.846870
1936,"' 개봉역 1번 출구 자전거보관서쪽'",37.494282,126.859215
1937,"' 한진아파트 입구'",37.486061,126.852013
1943,"' 온수역 북측'",37.492790,126.824524
1946,"' 구로역 광장'",37.503117,126.880386
1951,"' 천왕이펜하우스 4단지 상가 앞'",37.480289,126.839500
1952,"' 천왕연지타운2단지 앞'",37.482105,126.845726
1953,"' 천왕역 4번출구 뒤'",37.486385,126.839211
1955,"' 디지털입구 교차로'",37.482883,126.901039
1956,"' 도야미리숯불갈비 앞'",37.510010,126.882050
1957,"' 구일고등학교 정문 '",37.493401,126.874329
1958,"' 강서수도사업소민원센터'",37.495781,126.890121
1959,"' 구로구의회 앞'",37.496456,126.889587
1960,"' 화광신문사 앞'",37.502850,126.889481
1961,"' 신도림테크노근린공원'",37.508194,126.891304
1962,"' 가리봉동주민센터'",37.481602,126.892799
1964,"' 원메디타운 앞'",37.497890,126.864502
1965,"' 삼환로즈빌아파트 105동 옆'",37.497231,126.859192
1966,"' 한마을아파트 정문상가'",37.496498,126.863098
1967,"' 참새공원(백곡경노당)'",37.505138,126.844337
1968,"' 동인오피스텔 건너편 소공원'",37.498482,126.847504
1969,"' 궁동생태공원'",37.501904,126.828964
1971,"' 오정초교 앞 보도육교'",37.490723,126.826393
1973,"' 오리로와 서해안도로 교차로 앞'",37.488598,126.836494
1974,"' 신도림2차e편한세상아파트 203동 앞'",37.505180,126.882538
1975,"' 대림역 1번 출입구 밑'",37.492580,126.894737
1976,"' 남구로역 5번 출입구 앞'",37.485680,126.886703
1977,"' 천왕역 1번 출입구 앞'",37.486210,126.838821
1979,"' 구로1동우체국 앞'",37.492031,126.873772
1981,"' 천왕이펜하우스5단지 앞'",37.479431,126.842697
1983,"' 구로동롯데아파트'",37.502548,126.883881
1984,"' 구로구청'",37.495266,126.888474
1985,"' 구로도서관'",37.498516,126.891991
1986,"' 태평양물산빌딩'",37.484859,126.895187
1987,"' 개봉아이파크아파트 앞'",37.490341,126.860931
1988,"' 고척LIGA아파트 앞'",37.506050,126.860786
1991,"' 오류동역 맞은편'",37.496761,126.844963
1993,"' 금강수목원아파트 앞'",37.489380,126.834198
1994,"' 삼성전자 물류센터 앞'",37.496998,126.871780
2002,"' 노들역 1번출구'",37.512844,126.952469
2003,"' 사육신공원앞'",37.513359,126.948059
2007,"' 유한양행앞'",37.512939,126.934242
2008,"' 노량진근린공원 대방공원'",37.509369,126.928070
2009,"' 보라매역 8번출구'",37.500076,126.921082
2012,"' 녹십초요양병원앞'",37.488361,126.906227
2013,"' 장승배기역 5번출구'",37.505852,126.939362
2015,"' 신대방삼거리역 6번출구쪽'",37.499855,126.929565
2016,"' 신대방삼거리역 3번출구쪽'",37.499645,126.927094
2020,"' 장승배기역2번출구뒷편쪽'",37.504498,126.938988
2024,"' 상도역 1번출구'",37.502178,126.948204
2025,"' 흑석역 1번출구'",37.509380,126.963615
2026,"' 흑석역 4번출구'",37.509056,126.963249
2027,"' 중앙대학교 정문'",37.507042,126.959152
2028,"' 남성역 2번출구 뒷편'",37.484470,126.971428
2032,"' 이수역 11번출구쪽'",37.485508,126.981621
2033,"' 사당동 아르테스 웨딩앞'",37.481491,126.981583
2036,"' 정금마을 마을버스정류장'",37.494705,126.982391
2037,"' 동작역 5번출구 동작주차공원'",37.503189,126.977150
2038,"' 동작역 7번출구'",37.503181,126.976089
2040,"' 비계 버스정류소'",37.506359,126.969078
2041,"' 사당중학교 버스정류소'",37.486835,126.968048
2048,"' 삼일초등학교 인근'",37.488453,126.974213
2050,"' 노량진역 5번출구'",37.513248,126.939972
2054,"' 삼익아파트'",37.510548,126.944847
2056,"' 동작구민 체육센터'",37.494499,126.916527
2057,"' 상도 아이파크 아파트'",37.500881,126.941750
2058,"' 노량진동 맥도널드앞'",37.513523,126.943527
2059,"' 보라매공원 정문'",37.497078,126.917793
2060,"' 남성역3번출구 뒤'",37.484631,126.971550
2061,"' 한강 현대아파트 건너편'",37.505928,126.969231
2062,"' 사당새마을금고'",37.486652,126.967842
2063,"' 대방역 4번출구'",37.512901,126.926613
2064,"' 흑석한강푸르지오 106동앞'",37.505356,126.966179
2065,"' 서울시여성가족재단'",37.511990,126.927086
2066,"' 양문교회 앞'",37.489399,126.907112
2067,"' LG전자 베스트샾 대리점 앞'",37.497669,126.919868
2068,"' 총신대 앞(육교)'",37.488159,126.966476
2069,"' 숭실대 입구역3번 출구 앞'",37.496601,126.953682
2070,"' 노량진역 2번 출구 앞'",37.513920,126.943069
237,"' 보라매 두산위브 건너편'",37.496513,126.914803
2102,"' 봉림교 교통섬'",37.484230,126.926392
2103,"' 신림동 우방아파트'",37.489178,126.919273
2104,"' 사당역 5번출구'",37.476089,126.981331
2105,"' 미성동 신림체육센터'",37.480251,126.914604
2106,"' 난곡 새마을금고'",37.473728,126.918404
2107,"' 도림천 신화교'",37.475471,126.936455
2108,"' 은천치안센터'",37.483341,126.943199
2109,"' 은천로입구 가로공원'",37.486225,126.935829
2110,"' 조원동 미성아파트'",37.483192,126.902031
2111,"' 서울대입구역 1번출구'",37.480869,126.953316
2112,"' 서울대입구역 마에스트로'",37.481339,126.950645
2113,"' 관악동작견인차량보관소'",37.484661,126.903900
2115,"' 관악농협농산물백화점'",37.479916,126.902840
2116,"' 에이스에이존빌딩'",37.481705,126.950829
2119,"' 중앙동 동진빌딩'",37.484257,126.954697
2122,"' 낙성대로 입구'",37.478058,126.960495
2127,"' 보성운수차고지 맞은편'",37.464886,126.919479
2128,"' 관악구청교차로'",37.479164,126.952583
2129,"' 낙성대 과학전시관'",37.469055,126.958145
2130,"' 영어마을 관악캠프'",37.471970,126.958763
2135,"' 신림역 5번출구'",37.484409,126.928909
2136,"' 신림역 8번출구'",37.484577,126.929916
2137,"' KT&G 관악지점'",37.484901,126.936531
2139,"' 서울신성초등학교'",37.471165,126.937019
2140,"' 신림1교 교차로'",37.478428,126.931862
2141,"' 미림여고입구 교차로'",37.472294,126.933411
2143,"' 서울산업정보학교'",37.470695,126.942200
2144,"' 난우길입구'",37.477776,126.916756
2145,"' 은천초등학교 육교'",37.486359,126.942924
2148,"' 낙성대역 3번출구 뒤'",37.477028,126.963394
2153,"' 서울남부초등학교 옆'",37.485142,126.920563
2156,"' 농협 관악문성지점'",37.480721,126.909325
2157,"' 난곡 사거리'",37.481800,126.915237
2159,"' 인헌초교'",37.475090,126.959229
2160,"' 관악구 보건소'",37.478626,126.951294
2164,"' 관악우체국'",37.484768,126.932877
2165,"' JK장평타워'",37.476482,126.965363
2167,"' 낙성대역 1번출구'",37.476295,126.964958
2169,"' 봉천역 2번출구'",37.482189,126.942131
2170,"' 조원동서울본병원'",37.481529,126.912033
2171,"' 서울대입구역 5번출구'",37.481548,126.952003
2172,"' 나들목공원'",37.469406,126.944511
2173,"' 당곡사거리'",37.489750,126.927467
2174,"' 삼성디지털프라자관악점'",37.488564,126.928482
2175,"' 신림동걷고싶은문화의거리입구'",37.487301,126.928703
2176,"' 보라매공원 보도육교'",37.488991,126.916382
2177,"' 신대방역 2번 출구'",37.487129,126.913017
2178,"' 서울대학교 정문'",37.466820,126.948807
2179,"' 양녕로 입구'",37.482189,126.946159
2180,"' 신림동주민센터'",37.487511,126.927788
2184,"' 구암초등학교 버스정류장'",37.489491,126.945923
2201,"' 본마을 정류소 앞'",37.453281,127.051483
2202,"'청계산입구역 1번출구'",37.448936,127.054375
2203,"' 청계산입구역 2번출구'",37.447659,127.055016
2205,"' 내곡3단지 어린이공원 앞'",37.453751,127.059380
2206,"' 언남초등학교 앞'",37.454399,127.062309
2207,"' 내곡파출소 뒤 정자'",37.454407,127.064926
2210,"' 반포1동 주민센터 앞'",37.505096,127.013107
2211,"' 서초구립반포도서관 앞'",37.502636,127.012314
2212,"'서초현대4차아파트 201동 맞은편'",37.500961,127.017929
2213,"' 고속터미널역 5번출구 앞'",37.502232,127.002258
2214,"' 신반포역 2번출구 앞'",37.504116,126.997490
2215,"' 반포종합운동장 입구'",37.501713,126.995476
2219,"' 고속터미널역 8-1번, 8-2번 출구 사이'",37.506199,127.003944
2220,"' 반포본동 주민센터 앞'",37.500614,126.986160
2221,"'하나은행 방배동지점 앞'",37.485611,126.994682
2222,"'사당역 12번출구 뒤'",37.478069,126.982033
2223,"' 방배래미안 정문 앞'",37.472610,126.983009
2225,"'백석예술대학교 제3캠퍼스 앞'",37.473759,126.995247
2226,"' 신동아럭스빌아파트 앞'",37.475182,127.001389
2227,"'방배열린문화센터 앞'",37.489052,126.992523
2228,"'뒷벌공원 옆'",37.489586,126.986725
2229,"'로고스교회 맞은 편'",37.487011,126.984962
2230,"'이수역 4번 출구'",37.485828,126.982628
2231,"' 삼성타운(삼성생명) A동 맞은편'",37.496914,127.024963
2233,"' 서초신동아1차아파트 옆'",37.491112,127.022957
2235,"'KT 서초지사 앞'",37.482159,127.002701
2237,"'서울남부터미널 대합실 입구'",37.484558,127.014870
2239,"'교대역 6번출구'",37.494217,127.013786
2241,"'양재전화국 사거리'",37.485378,127.041702
2242,"'양재역 11번 출구 앞'",37.483990,127.034180
2243,"'서울가정법원'",37.481491,127.036728
2244,"'교육개발원입구 교차로'",37.477852,127.038910
2245,"'양재초등학교 맞은편'",37.473614,127.030510
2246,"' 서울시 품질시험소 앞'",37.469200,127.029007
2247,"'섬들근린공원'",37.462639,127.026619
2248,"' 서초리슈빌S 글로벌 앞'",37.459953,127.024742
2249,"' 우솔초등학교 맞은편'",37.456234,127.019348
2250,"' 서초유치원 맞은편'",37.455799,127.016289
2251,"' 더케이호텔 입구(양재2) '",37.467506,127.034477
2252,"' 하이브랜드 앞'",37.463322,127.036041
2255,"'시민의숲역 1번출구 옆'",37.470440,127.038857
2256,"'양재동 꽃시장 입구'",37.467690,127.040359
2257,"' 하나로클럽 양재점 맞은편'",37.462688,127.046112
2258,"'구룡사 삼거리'",37.471539,127.050591
2259,"' 잠원역 3번-4번 출구사이 '",37.512989,127.011177
2262,"' 한신16차아파트 119동 앞'",37.516598,127.009590
2263,"' 바우뫼문화복지회관'",37.471928,127.026840
2264,"' 이수역 1번출구'",37.488556,126.982574
2265,"' 이수고가차도 남단'",37.494106,126.982994
2266,"' 서초역 3번출구'",37.490540,127.008163
2268,"' 서초4동주민센터 '",37.502319,127.022270
2269,"' 주홍교 하부'",37.510349,127.016052
2270,"' 서초포레스타 7단지'",37.448967,127.057739
2271,"' 내방역 8번출구 앞'",37.487865,126.994293
2272,"' 교대입구 교차로'",37.487309,127.010582
2273,"' 일동제약 사거리'",37.477829,127.038269
2274,"' 양재시민의숲역 3번출구'",37.469650,127.039612
2275,"' 염곡치안센터 건너편'",37.461578,127.048798
2276,"' 영동1교 (양재천근린공원)'",37.474388,127.038902
2277,"' 길마중4교 하부'",37.514870,127.015282
2279,"' 교대역 5번출구뒤'",37.493618,127.014183
2280,"' 서울서초고용센터앞'",37.484161,127.010971
2281,"' 연세사랑병원신관앞'",37.475979,126.986282
2282,"' 방배래미안아트힐 101동앞'",37.477203,127.005836
2283,"' 그룹한빌딩옆'",37.486526,126.989166
2284,"' CJ오쇼핑앞'",37.468102,126.986801
2285,"' LH서초3단지 301동 맞은편'",37.457424,127.022652
2286,"' 탑성마을입구'",37.458549,127.055885
2287,"' 능안마을입구'",37.455620,127.067101
2288,"' 안골마을입구'",37.455608,127.064453
2289,"' 남태령역 2번출구'",37.464298,126.988525
2290,"' 서래마을파리15구공원앞'",37.499413,126.999413
2292,"' 무지개아파트 앞'",37.488243,127.027016
2293,"' SPC 앞'",37.484798,127.036995
2294,"' 두상빌딩 앞'",37.475906,127.046242
2297,"' 남부터미널역 1번출구'",37.485672,127.015923
2298,"' 래미안서초스위트앞'",37.502411,127.021606
2299,"' 한전아트센터 앞'",37.486469,127.028061
2501,"' 서초 포레스타5단지'",37.450661,127.057060
2502,"' 서초역1번출구 앞'",37.491951,127.008553
2503,"' 반포1동 서초빌딩 앞'",37.503811,127.021362
2504,"' 신사역 4번출구 뒤'",37.515881,127.019302
2505,"' 우성아파트사거리 (기업은행앞)'",37.493259,127.029533
2506,"' LG유플러스 (방배사옥)'",37.479092,126.990677
2508,"' 양재이스타빌 앞'",37.482979,127.042259
2509,"' KT반포지사'",37.498371,126.992462
2301,"' 현대고등학교 건너편'",37.524071,127.021790
2302,"' 교보타워 버스정류장(신논현역 3번출구 후면)'",37.505581,127.024277
2303,"' 논현역 7번출구'",37.511517,127.021477
2304,"' 신영 ROYAL PALACE 앞'",37.512527,127.035835
2305,"' MCM 본사 직영점 앞'",37.520641,127.034508
2306,"' 압구정역 2번 출구 옆'",37.527122,127.028717
2307,"' 압구정 한양 3차 아파트'",37.528614,127.038559
2308,"' 압구정파출소 앞'",37.529301,127.035599
2309,"' 청담역(우리들병원 앞)'",37.518902,127.049385
2310,"' 청담동 맥도날드 옆(위치)'",37.523613,127.040176
2311,"' 학동로 래미안 아파트 앞'",37.517773,127.043022
2312,"' 청담역 13번 출구 앞'",37.520580,127.056328
2313,"' 금원빌딩 앞'",37.525116,127.052467
2314,"' 청담나들목입구'",37.521275,127.061035
2315,"' 봉은사역 5번출구 옆'",37.514248,127.061119
2317,"' 삼성도로공원'",37.515888,127.066200
2318,"' 삼성중앙역4번출구(문화센터더 리빌)'",37.513577,127.055031
2319,"' 포스코4거리 서측(수협 삼성동 지점)'",37.506607,127.054680
2320,"' 도곡역 대치지구대 방향'",37.491928,127.056969
2321,"' 학여울역 사거리'",37.496117,127.069443
2322,"' 삼성역 3번 출구'",37.508091,127.063103
2323,"' 주식회사 오뚜기 정문 앞'",37.502213,127.067207
2324,"' 천주교 대치 2동 교회 옆'",37.500439,127.066223
2325,"' 대치동 버거킹대치점'",37.498650,127.059319
2326,"' 대치동 삼성로'",37.502396,127.058800
2327,"' 뱅뱅사거리 랜드마크타워 앞'",37.490551,127.031464
2328,"' 르네상스 호텔 사거리 역삼지하보도 7번출구 앞'",37.503586,127.042641
2329,"' 르네상스호텔사거리 역삼지하보도 2번출구'",37.502357,127.043190
2330,"' 스타벅스 앞'",37.492199,127.039459
2331,"' 동영문화센터앞'",37.498051,127.044601
2332,"' 선릉역3번출구'",37.504208,127.048965
2333,"' 양재역 3번출구 주변'",37.485157,127.034073
2334,"' 8.삼호@ 2동 ( 간선도로)'",37.493759,127.045898
2335,"' 3호선 매봉역 3번출구앞'",37.486767,127.046761
2336,"' 강남세브란스교차로  래미안그레이튼 104동 앞'",37.494236,127.047462
2337,"' 대모산입구역 2번출구 앞'",37.492077,127.071976
2339,"' 현대아파트 정문 앞'",37.483261,127.052299
2340,"' 삼호물산버스정류장(23370) 옆'",37.477509,127.045174
2341,"' 일원역 4~5번 출구 사이'",37.483311,127.084938
2342,"' 대청역 1번출구  뒤'",37.494007,127.079514
2343,"' 세곡사거리 대왕파출소 앞'",37.465317,127.107727
2344,"' 리엔파크 2단지 앞'",37.465061,127.101196
2347,"' 두산건설 본사'",37.518639,127.035400
2348,"' 포스코사거리(기업은행)'",37.507233,127.056854
2349,"' 역삼빌딩 앞(하나은행 옆)'",37.501545,127.038567
2350,"' 래미안그레이튼102동앞'",37.494823,127.047905
2351,"' 청소년수련관(수영장)앞'",37.483879,127.089027
2352,"' 서울본부세관(건설회관 앞)'",37.517590,127.035027
2353,"' 강남구청역 2번출구 뒤'",37.516811,127.040474
2354,"' 청담역 2번출구'",37.519787,127.056763
2355,"' 삼성역 5~6번 출구 사이'",37.509121,127.062309
2356,"' 강남구청'",37.518070,127.047119
2357,"' 르네상스호텔사거리 역삼지하보도 3번출구 앞 (더 오번 빌딩 명동칼국수 앞)'",37.501949,127.042770
2358,"' 구룡초사거리 (현대아파트10동 앞 )'",37.481384,127.053917
2359,"' 국립국악중,고교 정문 맞은편'",37.475605,127.050377
2360,"' 도곡1동 주민센터 교차로'",37.492809,127.041389
2361,"' 압구정역 교차로'",37.526844,127.028259
2362,"' 신사동 가로수길 입구'",37.517635,127.022453
2363,"' 강남 을지병원 교차로'",37.519180,127.027466
2364,"' 도산대로 렉서스 앞'",37.521240,127.031898
2365,"' K+ 타워 앞'",37.523300,127.038475
2368,"' 도곡동 경남아파트 건너편'",37.489342,127.041298
2369,"' KT선릉타워'",37.505428,127.052872
2370,"' 한티역 3번출구'",37.496552,127.054298
2371,"' 한국우편사업진흥원'",37.514748,127.035133
2372,"' 대치역 사거리'",37.494499,127.063797
2373,"' 개포동역 사거리'",37.489277,127.065575
2375,"' 수서역 1번출구 앞'",37.487350,127.100998
2376,"' 수서역 6번출구 앞'",37.486778,127.100517
2377,"' 수서역 5번출구 뒤'",37.486835,127.102753
2380,"' 삼성동베이직하우스앞'",37.511696,127.049347
2381,"' 언주역 6번출구앞'",37.506367,127.034523
2382,"' 역삼동 sk뷰 501동앞'",37.501343,127.050468
2383,"' 보금자리정원'",37.466328,127.094887
2384,"' 자곡사거리'",37.476028,127.105942
2385,"' 학동역'",37.513950,127.030151
2386,"' sk 동우주유소 앞'",37.509586,127.040909
2387,"' 래미안강남힐즈 사거리'",37.472454,127.096077
2388,"' 강남구 도시관리공단'",37.516785,127.051613
2389,"' 경기여자고등학교 후문 (삼성로3길 입구)'",37.486160,127.067238
2391,"' 구룡마을 입구(개포1단지아파트)'",37.479328,127.064278
2392,"' 구룡산 입구 (구룡산 서울둘레길 입구)'",37.474579,127.055450
2393,"' 구룡사 앞 교차로 (보도육교)'",37.472000,127.051338
2394,"' 래미안강남포레스트 입구 (보도육교)'",37.479092,127.055397
2395,"' 개포1단지아파트 입구 (보도육교)'",37.479290,127.055733
2396,"' 영동3교 북단(우성캐릭터 앞 보도)'",37.485741,127.051048
2398,"' 더라움'",37.508110,127.039452
2401,"' 밀알학교 입구 (삼성서울병원 입구)'",37.486561,127.082672
2403,"' 공무원연금매점 교차로 (개포주공9단지 입구)'",37.488720,127.074539
2404,"' 대모산입구역 4번 출구 앞'",37.491810,127.073158
2405,"' 청담공원앞 교차로'",37.518711,127.050850
2406,"' 논현동 광명빌딩 앞'",37.517570,127.023643
2407,"' 역삼.서초.삼성 세무서 앞 (역삼빌딩 앞)'",37.498470,127.030113
2408,"' 강남한양수자인아파트'",37.477341,127.113274
1501,"' 미아역 3번,4번 출구 사이'",37.626080,127.026482
1503,"' 이디야 커피 수유역점 앞'",37.639278,127.026756
1504,"' 다이소 삼양시장점'",37.624157,127.018623
1506,"' 강북문화예술회관'",37.640327,127.013359
1509,"' 서울북부수도사업소'",37.634377,127.035751
1510,"' 번동주공5단지 관리사무소 앞'",37.633717,127.035515
1511,"' 번동 금호어울림아파트102동앞'",37.631123,127.036034
1512,"' 강북중학교 앞'",37.644737,127.026566
1513,"' 강북구청 뒷편'",37.639671,127.025200
1514,"' 강북구청 사거리 버스정류소 앞'",37.638805,127.028358
1515,"' 송천동 주민센터'",37.618286,127.024048
1516,"' 우이초등학교 후문 옆'",37.638706,127.015907
1518,"' SK telecom(수유직영점) 앞'",37.643085,127.016167
1519,"' 세븐일레븐 수유장미원점 앞'",37.645451,127.015617
1520,"' 성실교회'",37.639862,127.022789
1522,"' 월드전기조명인테리어(우이동)'",37.654472,127.012756
1525,"' 미아동 복합청사'",37.627140,127.026695
1526,"' 수유동 채선당앞'",37.641739,127.024628
1527,"' 미아역 1번 출구 뒤'",37.627335,127.026054
1528,"' 삼각산동 주민센터'",37.615036,127.020699
1529,"' 미아동 한국전력공사'",37.630180,127.024910
1530,"' 광산사거리'",37.643551,127.022346
1531,"' 미아사거리 1번 출구'",37.613956,127.030251
1532,"' 번3동 주민센터 교차로'",37.626354,127.047447
1533,"' 번동 주공3, 4단지 교차로'",37.629917,127.040916
1534,"' 북서울 꿈의 숲 동문'",37.619637,127.044533
1535,"' 효성인텔리안 앞'",37.636292,127.023376
1536,"' 번동 두산위브 101동 옆'",37.636261,127.032173
1537,"' 북한산 우이역'",37.663666,127.012428
1538,"' 솔밭공원역'",37.656158,127.013138
1539,"' 4.19민주묘지역'",37.649673,127.013451
1540,"' 가오리역'",37.641670,127.016884
1541,"' 삼양역'",37.626530,127.018059
1542,"' 삼양사거리역'",37.621552,127.020370
1543,"' 수유1동 주민센터'",37.630188,127.017738
1545,"' 솔샘역 2번 출구'",37.620380,127.013680
1546,"' 송천동우체국'",37.615459,127.029701
